name,phone,address,rating,details,website
R & R Car Wash Services Inc,(713) 731-8308,4825 Bellfort St,,Auto Oil & Lube,http://rrcarwashservicesinc.localsearch.com/
Soap Hand Car Wash & Detail- Houston,(713) 492-0610,1801 S Shepherd Dr,(26),Automobile DetailingCar Wash,http://www.soaphandcarwash.com/
SOAP Hand Car Wash,(713) 636-9646,3759 Richmond Ave,,Automobile DetailingCar Wash,http://www.soaphand.com/
MZX Superior Car Wash,(281) 859-1225,5614 Highway 6 N,(10),Automobile DetailingCar WashAuto Oil & Lube,http://mzxsuperiorcarwash.localsearch.com/
Mister Car Wash & Express Lube,(346) 395-5233,3150 Kirby Dr,(1),Automobile DetailingCar Washing & Polishing Equipment & SuppliesCar Wash,https://mistercarwash.com/store/kirby
Mister Car Wash,(832) 678-3102,9045 Highway 6 S,(1),Automobile DetailingCar Washing & Polishing Equipment & SuppliesCar Wash,https://mistercarwash.com/store/addicks-howell
Mister Car Wash & Express Lube,(281) 821-0476,210 Fm 1960 Rd,(1),Automobile DetailingCar Wash,http://mistercarwash.com/location/1960-e
Mister Car Wash,(832) 678-3108,7601 Bellaire Blvd,,Automobile DetailingCar Washing & Polishing Equipment & SuppliesCar Wash,https://mistercarwash.com/store/bellaire
Dr Gleem Car Wash & Lube Center,(713) 862-2496,3103 Ella Blvd,,Automobile DetailingCar WashAuto Oil & Lube,http://drgleemcarwashlubecentertx.localsearch.com/
DR Gleem Car Wash & Lube Center,(281) 580-5686,3211 Cypress Creek Pkwy,,Automobile DetailingCar WashAuto Oil & Lube,http://shell.us/
Lazer Car Wash,(713) 721-3749,10900 S Post Oak Rd,,Automobile DetailingCar Wash,http://yellowpages.com/houston-tx/mip/clearwater-express-wash-577757297
Mister Car Wash & Express Lube,(713) 461-0541,1038 Gessner Rd,(1),Automobile DetailingCar Washing & Polishing Equipment & SuppliesCar Wash,http://mistercarwash.com/
Elite Car Wash & Auto Care,(281) 280-9400,1515 Bay Area Blvd,(14),Automobile DetailingCar WashAuto Repair & Service,http://elitecarwashautocare.localsearch.com/
Superior Almeda Car Wash,(713) 943-3434,10126 Almeda Genoa Rd,(5),Automobile DetailingCar WashAuto Oil & Lube,http://yellowpages.com/houston-tx/mip/superior-almeda-car-wash-467185584
Mister Car Wash,(281) 856-9274,7310 Highway 6 N,(2),Automobile DetailingCar Washing & Polishing Equipment & SuppliesCar Wash,http://www.mistercarwash.com/
Simoniz Car Wash,(281) 498-3228,7920 Highway 6 S,,Automobile DetailingCar Wash,http://www.cleancarfeeling.com/
Itl Hand Car Wash & Detailing,(713) 384-2649,1831 Dart St,,Automobile DetailingCar Wash,http://itlgarage.com/
Mister Car Wash,(832) 678-3105,3522 Washington Ave,,Automobile DetailingCar Washing & Polishing Equipment & SuppliesCar Wash,https://mistercarwash.com/store/washington-ave
Mister Car Wash,(713) 691-4636,640 W Crosstimbers St,,Automobile DetailingCar Washing & Polishing Equipment & SuppliesCar Wash,https://mistercarwash.com/store/crosstimbers
Mister Car Wash,(713) 664-9905,8810 Main St,,Car Washing & Polishing Equipment & SuppliesCar Wash,https://mistercarwash.com/store/south-main
Soap Hand Car Wash,(713) 979-7798,1018 Wirt Rd,,Automobile DetailingCar Wash,https://soaphandcarwash.com/
Cadillac Express Car Wash,(281) 581-7250,235 E Little York Rd,,Automobile DetailingCar WashTruck Washing & Cleaning,https://www.cadillacexpresscarwash.com/our-locations
BlueWave Express Car Wash,(877) 503-0008,7964 Long Point Rd,,Automobile DetailingCar Wash,https://bluewaveexpress.com/
Mister Car Wash,(713) 455-6651,380 Uvalde Rd,,Automobile DetailingCar Washing & Polishing Equipment & SuppliesCar Wash,https://mistercarwash.com/store/uvalde
WhiteWater Express Car Wash,(346) 803-3600,13722 East Fwy,,Automobile DetailingCar Wash,https://whitewatercw.com/locations/channelview
Tidal Wave Auto Spa | Car Wash,(706) 558-6500,11540 Pearland Pkwy,,Automobile DetailingCar Wash,https://www.tidalwaveautospa.com/location/houston-tx
Mister Car Wash,(832) 678-3107,15232 Wallisville Rd,,Automobile DetailingCar Washing & Polishing Equipment & SuppliesCar Wash,https://mistercarwash.com/store/wallisville
Bubbly Mobile Car Wash and Detailing,(832) 929-8338,2121 Brittmoore Rd,,Automobile DetailingCar Wash,http://www.bubblynow.com/
Mister Car Wash,(713) 568-1139,12552 Richbourgh Rd,,Car Washing & Polishing Equipment & SuppliesCar Wash,https://mistercarwash.com/store/rankin-road
Whitney'S Mobile Car Wash,(281) 896-5822,12455 Westpark Dr Unit 113,,Automobile DetailingCar Wash,https://whitneysmobilecarwash9595.setmore.com/
Mister Car Wash,(832) 678-3020,14732 Memorial Dr,,Automobile DetailingCar Washing & Polishing Equipment & SuppliesCar Wash,https://mistercarwash.com/store/memorial-dr
Super Shine Car Wash & Lube - Westheimer Rd,(281) 531-9028,12810 Westheimer Rd,,Automobile DetailingCar Wash,https://carwashsupershine.com/
Tommy's Express® Car Wash,(346) 297-2900,13915 Timber Forest Dr,,Automobile DetailingAuto Repair & ServiceCar Wash,https://tommys-express.com/locations/tx17/?utm_source=yext_extnet&utm_medium=listing-management&y_source=1_MTU1ODIxODEtNTUzLWxvY2F0aW9uLndlYnNpdGU%3D
Mister Car Wash,(281) 537-8049,6612 Fm 1960 Rd W,,Car Washing & Polishing Equipment & SuppliesCar WashAuto Oil & Lube,https://mistercarwash.com/store/champions
Rich's Car Wash - Cypress Creek,(832) 705-8693,4303 Cypress Creek Pkwy,,Automobile DetailingCar Wash,https://www.richscarwash.com/cypress-creek-pkwy-houston-tx
Tommy's Express® Car Wash,(832) 263-3432,12150 Fm 1960 Rd W,,Automobile DetailingAuto Repair & ServiceCar Wash,https://tommys-express.com/locations/tx160/?utm_source=yext_extnet&utm_medium=listing-management&y_source=1_MTAzMTU4MDc1My01NTMtbG9jYXRpb24ud2Vic2l0ZQ%3D%3D
Mister Car Wash,(832) 678-3101,5909 Highway 6 N,,Automobile DetailingCar Washing & Polishing Equipment & SuppliesCar Wash,https://mistercarwash.com/store/highway-6-north
Royal Car Wash Lube Center,(281) 580-1930,16502 Kuykendahl Rd,,Automobile DetailingAuto Oil & LubeCar Wash,http://www.royalcarwashlubecenter.com/
Rich's Car Wash - Barker Cypress,(281) 661-2491,2501 Barker Cypress Rd,,Automobile DetailingCar Wash,https://www.richscarwash.com/barker-cypress-houston-tx
Tommy's Express® Car Wash,(281) 554-1742,16602 El Camino Real,,Automobile DetailingAuto Repair & ServiceCar Wash,https://tommys-express.com/locations/tx190/?utm_source=yext_extnet&utm_medium=listing-management&y_source=1_MTAxODExNDYzMS01NTMtbG9jYXRpb24ud2Vic2l0ZQ%3D%3D
Spotless Car Wash,(713) 485-0182,3414 S Shepherd Dr,,Automobile DetailingCar WashCleaning Contractors,https://spotless-carspa.com/
Eagle Hand Car Wash,(281) 974-4522,1406 Yale St,,Automobile DetailingCar WashAuto Repair & Service,http://yellowpages.com/houston-tx/mip/carisma-wash-483419320
The Oasis Hand Car Wash,(713) 663-7787,930 Malone St,,Automobile DetailingCar Wash,http://theoasiscarwash.com/
Upper Kirby Car Wash,(832) 804-7881,3835 Farnham St,,Automobile DetailingCar Wash,http://www.upperkirbycarwash.com/
The Car Wash,(713) 492-2382,1918 N Shepherd Dr,,Automobile DetailingCar WashGas Stations,http://yellowpages.com/houston-tx/mip/eagle-hand-carwash-detail-504690067
Two Birds Car Wash,(281) 888-5122,6613 Bowling Green St,,Automobile DetailingCar Wash,http://yellowpages.com/houston-tx/mip/bay-bright-car-wash-541077474
Regency Car Wash South Main,(713) 664-6990,8810 Main St,,Automobile DetailingCar Wash,http://locality.com/place/regency-car-wash-and-detail-houston-tx
Key West Car Wash,(832) 538-1477,8910 Main St,,Web Site Design & ServicesWeb Site HostingComputer Software Publishers & Developers,http://thekeywestcarwash.com/
Leo Hand Car Wash,(713) 485-5679,9222 Homestead Rd,,Automobile DetailingCar Wash,http://yellowpages.com/houston-tx/mip/leo-hand-car-wash-559129234
Car Wash,(346) 204-4144,6724 Bellfort St,,Automobile DetailingCar Wash,http://yellowpages.com/houston-tx/mip/carisma-wash-gulf-gate-4567277
Sparkle Car Wash of Texas,(713) 681-0432,5828 W 34th St,,Automobile DetailingCar Wash,http://sparklecarwashoftexastx.localsearch.com/
Brio Hand Car Wash & Detail,(832) 649-7625,2036 Wirt Rd,,Automobile DetailingCar Wash,http://briohandcarwashanddetail.com/
Sparkles Car Wash Solution,(346) 867-1163,11600 Kilburn Rd,,Automobile DetailingCar Wash,http://yellowpages.com/houston-tx/mip/classic-auto-care-7972550
The Car Wash,(832) 243-6096,7433 De Priest St,,Automobile DetailingCar Wash,http://yellowpages.com/houston-tx/mip/mz-shondas-car-spa-478368808
Hobby Car Wash & Storages,(713) 645-5534,7820 Rockhill St,,Automobile DetailingCar Wash,http://yellowpages.com/houston-tx/mip/sam-ly-carwash-7015132
Fuentas Auto Detail,(281) 888-2185,1120 Ssgt Macario Garcia Dr,,Car WashAuto Repair & Service,http://yellowpages.com/houston-tx/mip/minit-man-car-wash-5470595
N and B Auto,(713) 485-4730,2417 Berry Rd,,New Car DealersAuto Repair & ServiceCar Wash,http://nandbauto.localsearch.com/
Cargo Design,(713) 641-3941,6530 Mcgrew St,,Automobile DetailingCar WashAuto Repair & Service,http://yellowpages.com/houston-tx/mip/sam-hoss-enterprise-5007936
Height Auto Spa,(346) 718-2033,221 W Canino Rd,,Car WashAuto Repair & ServiceAutomobile Detailing,http://yellowpages.com/houston-tx/mip/alarmradio-car-accessories-483309666
Car Clean Up Systems Inc,(713) 777-0250,6110 Dashwood Dr,,Car WashAuto Repair & Service,http://yellowpages.com/houston-tx/mip/car-wash-462615304
Westberry Clark Service Station,(713) 723-5167,12226 Hillcroft St,,Gas StationsAuto Repair & ServiceConvenience Stores,http://westberryclarkservicestation.localsearch.com/
Cml Auto Details,(713) 534-1745,14023 S Post Oak Rd,,Car WashAuto Repair & Service,http://yellowpages.com/houston-tx/mip/universal-auto-502584887
Wt Car Care,(832) 831-3902,5430 Heatherbrook Dr,,Car WashAuto Repair & ServiceAutomobile Detailing,http://yellowpages.com/houston-tx/mip/hoods-up-automotive-512540359
J K Xpress Lube,(281) 436-1227,8529 C E King Pkwy Ste A1,,Auto Oil & LubeAuto Repair & ServiceCar Wash,http://yellowpages.com/houston-tx/mip/j-k-xpress-lube-502815043
F Zs Multi-Services Inc,(713) 455-7524,75 Uvalde Rd,,Car WashAutomobile Detailing,http://fzsmultiservicesinctx.localsearch.com/
Professional Car Center,(281) 258-4192,6910 Fairbanks N Houston Rd,,Car WashAuto Repair & ServiceAutomobile Detailing,http://yellowpages.com/houston-tx/mip/t-t-auto-service-body-shop-448528
Texan Shiner,(469) 785-3069,10127 Porto Rico Rd,,Car Washing & Polishing Equipment & SuppliesTrailers-Repair & Service,
Detailing Solution Remtech,(832) 831-0102,2121 Brittmoore Rd Ste 3200,,Automobile DetailingAuto Repair & ServiceCar Wash,http://yellowpages.com/houston-tx/mip/ultra-detailing-14039310
Expert 10,(713) 532-2299,11231 Southwest Fwy,,Car WashAuto Repair & ServiceAutomobile Detailing,http://yellowpages.com/houston-tx/mip/sok-salon-on-kirby-467214272
viscarra mobile wash,(832) 909-5520,11201 Veterans Memorial Dr,,Handyman ServicesPressure Washing Equipment & ServicesCar Wash,http://viscarramobilewash.localsearch.com/
CTS Auto Repair and Collision,(281) 895-6659,14610 State Highway 249,,Car WashAuto Repair & ServiceNew Car Dealers,http://universallubeandoil.com/
Lone Star Car Care,(281) 933-4789,12578 Bellaire Blvd,,Car WashAuto Repair & ServiceAutomobile Detailing,http://lonestarglass.com/
Carwash & Auto Center,(713) 269-2934,12420 Bissonnet St,,Car WashAuto Repair & Service,http://carwashautocenter.localsearch.com/
Tee's Wash & Shine,(832) 721-7305,13603 Bellaire Blvd,,Car WashGas StationsAuto Repair & Service,
Jaan Car Care Center,(832) 243-5002,13820 Bellaire Blvd,,Car WashAuto Repair & ServiceAutomobile Detailing,http://yellowpages.com/houston-tx/mip/christian-brothers-automotive-mission-bend-480941927
RCJ Auto Detail,(346) 219-0557,1585 Highway 6 S,,Automobile DetailingAuto Repair & ServiceCar Wash,http://rcjautodetail.com/
Come on Carwash,(832) 229-5631,2580 Cypress Creek Pkwy Ste B-F,,Pressure Washing Equipment & ServicesCar WashAutomobile Detailing,http://comeoncarwash.localsearch.com/
4 Seasons Auto Detailing,(281) 653-9563,11203 Jones Rd,,Car WashAuto Repair & Service,http://yellowpages.com/houston-tx/mip/r3-auto-detailing-505353388
http://misterlopezservices.com,(346) 304-5630,6802 La Puente Dr,,Landscaping & Lawn ServicesPower WashingCar Wash,http://httpmisterlopezservicescom.localsearch.com/
D's Custom Detailing,(281) 550-1918,15915 Sweetwater Creek Dr,,Automobile DetailingAuto Repair & ServiceCar Wash,http://yellowpages.com/houston-tx/mip/luxx-custom-mobile-detailing-540851882
Made Affordable Pressure Washing and Mobile Detail,(832) 865-7026,,(2),Home Repair & MaintenanceLandscaping & Lawn ServicesPressure Washing Equipment & Services,http://madeaffordablepressurewashingandmobiledetail.localsearch.com/
Car Care Plus,(713) 690-7860,14518 Hempstead Rd,(1),Car WashAuto Repair & ServiceAutomobile Detailing,http://carcareplustx.localsearch.com/
Collision Plus,(713) 988-5489,7628 Bellaire Blvd,(2),Automobile Parts & SuppliesTire DealersCar Wash,http://www.collisionplusinc.com/
Oasis Car Care,(281) 498-4119,11450 Bissonnet St,(1),Car WashAuto Repair & ServiceAutomobile Body Repairing & Painting,http://oasiscarcarehouston.blogspot.com/2013/07/oasis-car-care-houston.html
Super Tech Car Wash,(281) 583-7786,11302 Veterans Memorial Dr,,Automobile DetailingCar Wash,http://super-tech-car-wash.hub.biz/
Extreme Car Wash & Detailing,(713) 943-1185,402 Richey Rd,,Automobile DetailingCar Wash,http://extremecarwashdetailing.localsearch.com/
Splash Hand Car Wash,(713) 266-9274,8730 Westheimer Rd,(4),Automobile DetailingCar Wash,http://splashhandcarwashtx.localsearch.com/
Classic Hand Car Wash,(281) 855-3331,4976 Highway 6 N,(1),Automobile DetailingCar Wash,http://classichandcarwashtx.localsearch.com/
Best Hand Car Wash 2,(713) 784-3209,6521 Del Monte Dr,(3),Automobile DetailingCar Wash,http://www.besthandcarwash2.com/
Splash Handwash Car Wash,(713) 525-5151,2203 S Shepherd Dr,(2),Automobile DetailingCar Wash,https://splashhtx.com/location
Hallelujah Hand Car Wash,(713) 552-1910,5434 Richmond Ave,(1),Automobile DetailingCar Wash,http://hallelujahhandcarwash.com/
AJ Mr. Clean Car Wash & Lube Center,(281) 589-2228,12573 Richmond Ave,(1),Automobile DetailingCar WashAuto Oil & Lube,http://ajmrcleancarwashlubecenter.localsearch.com/
Mister Car Wash,(713) 783-5780,2251 S Voss Rd,,Automobile DetailingCar Wash,https://mistercarwash.com/store/voss
Cellular & Car Wash Corner,(713) 931-4085,6410 Windswept Ln Suite C,,Car Washing & Polishing Equipment & SuppliesCellular Telephone Equipment & Supplies,http://cellularcarwashcorner.localsearch.com/
Mister Car Wash,(713) 789-6935,10760 Westheimer Rd,,Automobile DetailingCar Washing & Polishing Equipment & SuppliesCar Wash,https://mistercarwash.com/store/westheimer
Platinum Hand Car Wash & Dtl,(832) 767-6575,1311 Leeland St,,Automobile DetailingCar Wash,http://platinumhandcarwashdtl.localsearch.com/
Mr Details Hand Car Wash,(713) 426-0503,3219 White Oak Dr,,Automobile DetailingCar Wash,http://yellowpages.com/houston-tx/mip/keep-it-clean-3676389
Vasquez Hands Car Wash,(713) 861-6690,4605 N Main St,,Automobile DetailingCar Wash,http://yellowpages.com/houston-tx/mip/vasquez-hands-car-wash-461783887
Extreme Car Wash & Detailing,(713) 943-1185,402 S Richie Ave,,Automobile DetailingCar Wash,http://extremecarwashdetailingtx.localsearch.com/
Wash Houston Car Wash - CLOSED,(832) 372-0560,930 Malone St,,Car Washing & Polishing Equipment & SuppliesCar Wash,http://washhoustoncarwash.localsearch.com/
The Car Wash - CLOSED,(713) 741-6800,4525 Old Spanish Trl,,Automobile DetailingCar Wash,http://thecarwash460258882.localsearch.com/
Tunnel Car Wash - CLOSED,(713) 268-1626,6228 Richmond Ave,,Car WashAuto Repair & Service,http://tunnelcarwash.localsearch.com/
Aliiseason Car Wash - CLOSED,,11125 N Eldridge Pkwy,,Automobile DetailingCar Wash,http://yellowpages.com/houston-tx/mip/jet-stream-mobile-carwash-577372157
Sparkles Car Wash - CLOSED,,17420 W Little York Rd Ste D,,Automobile DetailingCar Wash,http://yellowpages.com/houston-tx/mip/mister-car-wash-511626455
Super Clean Car Wash - CLOSED,(832) 831-0659,2616 Winrock Blvd,,Automobile DetailingCar Wash,http://super-clean-car-wash-tx.hub.biz/
Royal Wash Mobile Detailing & Car Wash Service,(832) 338-9338,393 avenue e,(4),Automobile DetailingPower WashingCar Wash,http://royalwashmobiledetailingcarwashservice.localsearch.com/
Fulshear Car Wash Services,(346) 707-8296,5746 Fm 1463 Rd,,Automobile DetailingCar Wash,http://yellowpages.com/katy-tx/mip/carpen-car-wash-6500935
Royal Wash - Mobile Detailing & Car Wash Service,(832) 338-9338,,(2),Automobile Manufacturers & Distributors,
Elite Auto Spa Usa,(855) 625-3487,,(3),Automobile DetailingAuto Repair & ServiceAutomobile Body Repairing & Painting,http://eliteautospausa.localsearch.com/
W.E.T. Inc,(281) 657-0575,14234 Hooper Rd,,Car Washing & Polishing Equipment & SuppliesSteam CleaningTruck Washing & Cleaning,http://www.wet-texas.com/
Carriage Glass and Detail,(713) 529-6766,900 Richmond Ave,(1),Auto Repair & ServiceCar WashPlate & Window Glass Repair & Replacement,http://carriageglassanddetail.localsearch.com/
CARisma Wash,(713) 874-1338,5203 Kirby Dr,,Automobile DetailingCar WashAuto Repair & Service,http://carismawash.com/
Success Auto,(713) 847-6501,6501 Bellfort St,(1),Used Car DealersNew Car DealersAuto Repair & Service,http://successautosalestx.com/
RPM Automotive Services,(713) 780-1356,8614 Beverly Hill,(3),Automobile Parts & SuppliesFuel Injection RepairAlternators & Generators-Automotive Repairing,http://rpmautomotiveservicestx.localsearch.com/
Poutous 1960 Auto Repair,(281) 306-9811,8911 Mills Rd,(1),Automobile DetailingAuto Repair & ServiceAutomobile Parts & Supplies,http://www.poutousautorepair.com/
Honey Farms,(713) 529-1622,2525 S Shepherd Dr,,Convenience StoresPropane & Natural Gas-Equipment & SuppliesCoffee Shops,https://myhoneyfarms.com/locations/houston-2525-south-shepherd
Honey Farms,(713) 781-6665,5702 Westheimer Rd,,Convenience StoresPropane & Natural Gas-Equipment & SuppliesCoffee Shops,https://myhoneyfarms.com/locations
Honey Farms,(713) 686-2223,8155 Katy Fwy,,Convenience StoresPropane & Natural Gas-Equipment & SuppliesCoffee Shops,https://myhoneyfarms.com/locations/houston-katy-fwy-2
Honey Farms,(281) 847-2271,10303 North Fwy,,Convenience StoresPropane & Natural Gas-Equipment & SuppliesATM Locations,https://myhoneyfarms.com/locations/houston-north-frwy
Honey Farms,(281) 447-9416,12610 State Highway 249,,Convenience StoresPropane & Natural Gas-Equipment & SuppliesCoffee Shops,https://myhoneyfarms.com/locations/houston-12610-tomball-pkwy
Honey Farms,(832) 237-8960,10955 W Sam Houston Pkwy N,,Convenience StoresPropane & Natural Gas-Equipment & SuppliesCoffee Shops,https://myhoneyfarms.com/locations/houston-10955-w-sam-houston-pkwy-2
Honey Farms,(281) 807-5677,17906 Tomball Pkwy,,Convenience StoresPropane & Natural Gas-Equipment & SuppliesCoffee Shops,https://myhoneyfarms.com/locations/houston-17906-tomball-pkwy
Xpress Collision,(281) 895-0726,15306 Stuebner Airline Rd,,Auto Repair & ServiceAutomobile Body Repairing & PaintingAutomobile Diagnostic Service,
Exxon,(713) 781-2777,5902 San Felipe St,,Gas StationsAutomobile Repairing & Service-Equipment & SuppliesAuto Repair & Service,https://www.exxon.com/en/find-station/200318909
Shell,(713) 666-7774,5270 Beechnut St,,Gas StationsAuto Repair & ServiceConvenience Stores,https://find.shell.com/us/fuel/10003196-5270-beechnut-st/en_US
Gulf States Automotive,(832) 515-4757,111 N Post Oak Ln,,Automobile DetailingCar WashAuto Repair & Service,https://gs-automotive.com/
Car Spa,(713) 523-5583,2801 Brazos St,,Automobile DetailingCar WashAuto Repair & Service,http://www.conoco.com/
Readall Auto,(281) 501-2941,3510 Sampson St,,Automobile DetailingCar WashAuto Repair & Service,http://facebook.com/readallauto/photos/pcb.../437196636477368/?type=3
Washamerica Mobile Washing Service,(713) 521-1663,2828 Mcduffie St,,Building Cleaning-ExteriorPower WashingCar Wash,http://www.manta.com/c/mt59dd3/all-american-equipment-co
Pro Amigo,(713) 869-6040,6408 N Main St,,Automobile DetailingCar WashAuto Repair & Service,http://theproamigo.procarcarezone.com/
Medical Center Shell,(713) 797-9986,6935 Almeda Rd,,Gas StationsAuto Repair & ServiceCar Wash,http://shell.com/
Big Truck Wash Service & House Washing,(832) 306-7650,6606 Heron Dr,,Automobile Detailing,http://yellowpages.com/houston-tx/mip/fleetwash-inc-8710612
Sparkles Carwash,(281) 870-1439,2030 Highway 6 S,,Car Washing & Polishing Equipment & Supplies,http://yellowpages.com/houston-tx/mip/super-shine-car-wash-lube-westheimer-rd-567864643
The Wrap Empire,(919) 827-3811,4494 Highway 6 N,,Car Washing & Polishing Equipment & SuppliesVehicle Wrap Advertising,
Autosmart - CLOSED,(713) 924-7755,5916l W 34th St,,Car Washing & Polishing Equipment & Supplies,http://autosmart475979681.localsearch.com/
Flawless Effort Cleaning Service,(832) 708-5846,Po Box 398,,Dry Cleaners & LaundriesCar WashCleaning Contractors,http://flawlesseffortcleaningservice.localsearch.com/
Custom Auto II Collision Repair,(281) 223-1767,6002 Broadway St,(12),Automobile Body Repairing & PaintingTruck Body Repair & PaintingCar Wash,http://customautoiicollisionrepair.localsearch.com/
M.D. Auto Clinic,(832) 672-8911,5041 Spencer Hwy Ste 301,(1),Car WashAutomobile Inspection Stations & ServicesAuto Oil & Lube,http://mdautoclinictx.localsearch.com/
R&R Supershine Auto Detailing,(281) 485-0339,2411 Old Alvin Rd,(2),Automobile DetailingAuto Repair & ServiceCar Wash,https://www.rnrsupershine.com/
Honey Farms,(281) 459-3489,8012 N Sam Houston Pkwy E,,Convenience StoresPropane & Natural Gas-Equipment & SuppliesCoffee Shops,https://myhoneyfarms.com/locations/houston-8012-north-sam-houston-parkway
Express Mobile Detail,(832) 804-9939,4930 Allen Genoa Rd,,Automobile DetailingAuto Repair & ServiceCar Wash,http://yellowpages.com/pasadena-tx/mip/express-mobile-detail-539093134
Stroker Automotive,(832) 672-7128,14935 Fall Creek View Dr,,Auto Repair & ServiceCar Wash,http://strokerautomotive.localsearch.com/
Jr Detail Service,(281) 485-5898,4808 Broadway St,,Automobile DetailingCar WashAuto Repair & Service,http://yellowpages.com/pearland-tx/mip/r-r-supershine-8650083
Missouri Car Care,(281) 261-0400,1797 Texas Pkwy,,Car WashAuto Repair & Service,http://missouricarcare.localsearch.com/
Car Care Oasis,(281) 208-7458,13407 Murphy Rd,,Car WashAuto Repair & ServiceAutomobile Detailing,http://yellowpages.com/stafford-tx/mip/pit-stop-auto-repair-22166605
Chagos Car Care,(713) 477-2990,1907 S Houston Rd,,Car WashAuto Repair & ServiceAutomobile Detailing,http://chagoscarcare.localsearch.com/
B.C Enhancements,(713) 320-0175,3011 Lacewood Ct,(4),Power WashingBuilding Cleaning-ExteriorPressure Washing Equipment & Services,https://www.facebook.com/pages/bc-enhancements-maintenance/505367196279915
Honey Farms,(281) 970-0617,20600 Northwest Fwy,,Convenience StoresPropane & Natural Gas-Equipment & SuppliesATM Locations,https://myhoneyfarms.com/locations/houston-20600-northwest-fwy
Daryl's Detailing,(281) 546-8859,199 Isaacks Rd,(1),Auto Repair & ServiceAutomobile DetailingCar Wash,https://www.darylsdetailingtx.com/
Pronto Meat Market,(281) 489-5100,18845 County Road 143,(1),Check Cashing ServiceMeat MarketsCar Wash,http://www.valero.com/
Mark of Excellence,(281) 548-2106,9338 Fm 1960 Rd W,(1),Auto Repair & ServiceAutomobile Body Repairing & PaintingCar Wash,http://moedetailing.com/
Ultimate Car Care,(832) 644-8459,1003 E 1st St,(1),Car WashAuto Repair & ServiceAutomobile Detailing,http://yellowpages.com/humble-tx/mip/advance-tech-automotive-23095955
Auto Max,(281) 313-1003,6615 Fm 1464 Rd,(8),Auto Repair & ServiceCar WashWheel Alignment-Frame & Axle Servicing-Automotive,http://automax480904295.localsearch.com/
Doctor Larry's Automotive Specialists,(281) 540-0069,2215 Fm 1960 Rd E,(1),Car WashAuto Repair & ServiceAutomobile Detailing,http://yellowpages.com/humble-tx/mip/wee-care-470925715
Honey Farms,(281) 990-8036,13902 Highway 3,,Convenience StoresPropane & Natural Gas-Equipment & SuppliesCoffee Shops,https://myhoneyfarms.com/locations/webster-galveston-rd
H-E-B,(281) 547-6503,16000 Woodland Hills Dr,,ButcheringFish & Seafood MarketsMeat Markets,https://www.heb.com/heb-store/US/tx/humble/madera-run-h-e-b-798
H-E-B,(281) 305-3949,17119 Highway 6,,Food Delivery ServiceGrocery StoresSupermarkets & Super Stores,https://www.heb.com/heb-store/US/tx/manvel/manvel-h-e-b-760
Charlton's Auto Sales,(832) 539-4705,1131 Staffordshire Rd,,New Car DealersUsed Car DealersAuto Repair & Service,http://yellowpages.com/stafford-tx/mip/chase-motors-inc-872627
Nix Mobile Detail,(832) 514-4047,77 Sugar Creek Center Blvd Ste 600,,Auto Repair & ServiceAutomobile Restoration-Antique & ClassicCar Wash,https://www.nixmobiledetail.com/
Piercing Star,(281) 988-7827,PO Box 1292,,Car WashAuto Repair & ServiceAutomobile Detailing,http://piercingstar.localsearch.com/
365 Maintenance,(713) 277-8444,7929 Long Point Rd,(2),Fence RepairHandyman ServicesLandscaping & Lawn Services,http://www.maintained365.com/
Express Car Care,(713) 461-2929,7929 Long Point Rd,(1),Automobile DetailingCar WashAuto Repair & Service,http://www.expresscarcare.com/
Racing Evolution,(832) 518-7261,7620 Bellaire Blvd,,Car Washing & Polishing Equipment & SuppliesCommercial Auto Body Repair,http://racingevolution.localsearch.com/
Tully Auto Care,(281) 679-1292,710 Tully Rd,,Auto Repair & ServiceBrake RepairAutomotive Tune Up Service,http://tullyautocare.localsearch.com/
Houston Auto Spa,(832) 217-5069,17515 Fm 529 Rd Suite A,,Automobile DetailingCar Washing & Polishing Equipment & SuppliesAuto Repair & Service,http://www.wix.com/hautospa/houston-auto-spa
Tarleton & Son Service,(713) 694-1849,5630 N Shepherd Dr,,Car Wash,http://yellowpages.com/houston-tx/mip/lanzas-tree-service-455155324
Harolds Car Care,(713) 681-4843,6918 Long Point Rd,,"Auto Repair & ServiceEngine Rebuilding & ExchangeTire Recap, Retread & Repair",http://yellowpages.com/houston-tx/mip/w-w-smith-auto-repair-766070
Hicks Services,(713) 738-6063,3502 Reed Rd,,Automobile DetailingCar Wash,http://yellowpages.com/houston-tx/mip/scott-street-auto-parts-inc-456280949
Aya's Foreign Cars,(713) 956-6830,2104 W 43rd St,,Used Car DealersAutomobile Electric ServiceAutomobile Diagnostic Service,http://ayasforeigncars.localsearch.com/
Expert Auto Detail,(713) 664-7386,6721 Alder Dr,,Automobile DetailingAuto Repair & ServiceAutomobile Body Repairing & Painting,https://www.autoexpert-insite.com/
Car Care Center,(713) 777-6532,6110 Dashwood Dr,,Automobile DetailingCar WashAuto Repair & Service,http://carcarecenter1562085.localsearch.com/
Fast Services,(832) 417-7302,6818 Edgemoor dr,,Car Wash,http://fastservicestx.localsearch.com/
Classic Auto Care,(713) 465-5201,1345 Blalock Rd Ste A,,Auto Repair & ServiceCar Wash,http://classicautocaretx.localsearch.com/
Drane Ranger Vacuum Service 13911 India Houston TX 770477,(281) 489-1765,13911 India St,,Car Washing & Polishing Equipment & SuppliesAutomobile Parts & Supplies,http://draneranger.com/
Daily Driver,(281) 212-0779,1012 Aldine Bender Rd,,Used Car DealersAuto Repair & ServiceAutomobile Body Repairing & Painting,http://dailydriver.localsearch.com/
Dealer Pro Services,(281) 912-3776,13940 Bammel North Houston Rd Ste 77066,,Car Washing & Polishing Equipment & SuppliesAutomobile Inspection Stations & Services,http://dealerproservices.localsearch.com/
A1 MOBIL Detailing Service,(713) 489-5665,18062 Fm 529 Rd # 271,,Car Washing & Polishing Equipment & SuppliesAutomobile Parts & Supplies,http://a1mobildetailingservice.localsearch.com/
Sensational Mobil Detail & Pressure Washing Service,(832) 382-9964,,,Power WashingPressure Washing Equipment & ServicesCar Wash,http://sensationalmobildetailpressurewashingservice.localsearch.com/
Body Wash Mobile Detailing Service - CLOSED,(832) 446-3857,3934 Cypress Creek Pkwy Ste 372,,Automobile DetailingCar Wash,http://yellowpages.com/houston-tx/mip/pop-a-ding-473691983
Mr. Power & Pressure - CLOSED,(713) 894-2312,16806 Pastoria Dr,,Car Washing & Polishing Equipment & SuppliesHome Repair & Maintenance,http://mrpowerpressure.localsearch.com/
Daytona Carwash - CLOSED,(713) 462-7927,5323 Bingle Rd,,Automobile DetailingAuto Repair & ServiceCar Wash,http://daytonacarwashtx.localsearch.com/
O SAT Auto Detail - CLOSED,,4409 Almeda Rd,,Automobile DetailingAuto Repair & ServiceCar Wash,http://yellowpages.com/houston-tx/mip/iceberg-detailing-566487053
L and L's Sticker Stop - CLOSED,,5928 Leedale St,,Automobile DetailingCar WashAuto Repair & Service,http://yellowpages.com/houston-tx/mip/1-source-signs-576536688
Rocha's Car Wash,(713) 492-2799,1309 15th St,,Automobile DetailingCar Wash,http://yellowpages.com/galena-park-tx/mip/rochas-car-wash-476086368
Car Wash Supply Co,(713) 946-2232,810 Montana St,,Car Washing & Polishing Equipment & Supplies,http://www.texascarwashsupply.com/contact-us.html
E-Zee's Custom Car Wash,(713) 473-0455,2124 Strawberry Rd,,Car WashAuto Repair & Service,http://yellowpages.com/pasadena-tx/mip/southmore-1608146
The Incredibles Car Wash,(281) 974-1275,1634 Richey St,,Automobile DetailingCar Wash,http://yellowpages.com/pasadena-tx/mip/bluewave-express-car-wash-541227767
Galaxy Hand Car Wash & Refresqueria,(832) 804-9814,2404 Spencer Hwy,,Automobile DetailingCar Wash,http://galaxyhandcarwashrefresqueria.localsearch.com/
Luis Car Wash,(346) 335-8163,4411 Spencer Hwy,,Automobile DetailingCar Wash,http://yellowpages.com/pasadena-tx/mip/quick-shine-car-wash-452247081
Space Spa Car Wash,(832) 850-6339,14935 Fall Creek View Dr,,Car WashAuto Repair & Service,https://www.spacespawash.com/
Stoker Car Wash,(281) 741-2648,14935 Fall Creek Preserve Dr,,Automobile DetailingCar Wash,http://yellowpages.com/humble-tx/mip/fall-creek-carwash-and-lube-526381398
King Car Wash,(281) 561-0469,12119 Murphy Rd,,Automobile DetailingCar Wash,http://kingcarwashtx.localsearch.com/
Professional Car Wash,(281) 991-1355,5304 Spencer Hwy,,Automobile DetailingCar Wash,http://professionalcarwash.localsearch.com/
Racer's Edge Hand Car Wash,(713) 436-8686,1980 Country Place Pkwy,(7),Automobile DetailingCar Wash,http://www.facebook.com/RacersEdgeWash
Quick Shine Car Wash,(713) 944-1802,3327 Spencer Hwy,,Automobile DetailingCar Wash,http://mapquest.com/.../quick-shine-car-wash-274190947
Slick's Car Wash Oil & Lube,(713) 946-6888,805 Spencer Hwy,(1),Automobile DetailingCar WashAuto Repair & Service,http://yellowpages.com/south-houston-tx/mip/south-houston-engine-461722627
Mister Car Wash & Express Lube,(281) 540-2988,9637 Fm 1960 Rd W,(1),Automobile DetailingCar Washing & Polishing Equipment & SuppliesCar Wash,https://mistercarwash.com/store/humble
Aqua Hand Car Wash,(281) 996-0800,4426 Fm 2351 Rd,,Automobile DetailingCar Wash,http://www.aquahandcarwash.com/
Texas Pride Car Wash,(281) 485-8777,3018 Broadway St,(5),Automobile DetailingCar Wash,https://www.txpridecarwash.com/
Stop & Serve Car Wash,(281) 446-5780,1243 Atascocita Rd,,Automobile DetailingCar Wash,http://yellowpages.com/humble-tx/mip/the-finer-details-113288
iShine Express Car Wash & Detail,(281) 778-1833,8331 Copper Creek Ln,(1),Automobile DetailingCar Wash,http://ishinecarwash.com/
I Shine Express Car Wash & Detail,(281) 482-1608,1501 Broadway St,(1)8.3,Automobile DetailingCar Wash,http://ishinepearland.com/
Tommy's Express® Car Wash,(281) 909-4007,12303 Will Clayton Pkwy,,Automobile DetailingAuto Repair & ServiceCar Wash,https://tommys-express.com/locations/tx72?utm_source=yext_extnet&utm_medium=listing-management&y_source=1_MjEwMjE3MzQtNTUzLWxvY2F0aW9uLndlYnNpdGU%3D
Mister Car Wash,(832) 678-3103,5701 Fm 1960 Rd E,,Automobile DetailingCar Washing & Polishing Equipment & SuppliesCar Wash,https://mistercarwash.com/store/atascocita
Lil' Tuck's Car Wash Inc,(281) 585-8825,3702 Mustang Ln,,Automobile DetailingCar Wash,http://yellowpages.com/manvel-tx/mip/sparrowhawk-mobile-detailing-573580344
Martinez Hand Car Wash,(281) 998-8666,6065 Fairmont Pkwy Ste A,,Automobile DetailingCar Wash,http://yellowpages.com/pasadena-tx/mip/shinee-car-wash-452313565
Galaxy Car Wash,(281) 499-6112,525 Dulles Ave,,Automobile DetailingCar Wash,http://galaxycarwash462058995.localsearch.com/
Deer Park Car Wash,(281) 362-7000,3610 Center St,,Automobile DetailingCar Wash,http://www.cleancarfeeling.com/texas.html
Superior Car Wash,(281) 240-0872,13313 Southwest Fwy,,Automobile DetailingCar Wash,http://yellowpages.com/sugar-land-tx/mip/mister-car-wash-14899092
Blue Rapids Car Wash,(281) 479-7504,4926 East Blvd,,Automobile DetailingCar Wash,http://yellowpages.com/deer-park-tx/mip/simoniz-car-wash-10669784
Clean-N-Easy Hand Car Wash,(281) 431-4995,13216 Highway 6,,Automobile DetailingCar Wash,http://yellowpages.com/houston-tx/mip/w-e-t-inc-5671350
Ace Hand Car Wash and Detail,(281) 259-8260,4710 Atascocita Rd,,Automobile DetailingCar Wash,http://yellowpages.com/humble-tx/mip/gurdys-express-wash-481744706
Scrubs Car Wash,(281) 947-8336,2547 Bisontine St,,Automobile DetailingCar Wash,http://yellowpages.com/friendswood-tx/mip/ocean-express-car-wash-464685482
Presidential Car Wash,(832) 604-7679,12111 Cypress North Houston Rd,,Automobile DetailingCar Wash,http://yellowpages.com/cypress-tx/mip/cypress-car-wash-461823017
Xpress Car Wash,(281) 564-9274,11902 S Highway 6,(2),Automobile DetailingCar Wash,http://yellowpages.com/sugar-land-tx/mip/xpress-car-wash-474079933
Kings Hand Car Wash,(281) 993-8286,1329 Broadway St,,Automobile DetailingCar Wash,http://kingshandcarwash.localsearch.com/
Mister Car Wash,(832) 539-1505,601 Dulles Ave,,Automobile DetailingCar Washing & Polishing Equipment & SuppliesCar Wash,https://mistercarwash.com/store/dulles
Baybright Car Wash,(281) 554-4404,621 W Main St,(21),Automobile DetailingCar Wash,http://bay-bright-car-wash-tx.hub.biz/
Hallmark Car Wash,(281) 420-1816,3412 Garth Rd,(14),Automobile DetailingCar Wash,http://hallmark-car-wash.hub.biz/
Superior Katy Car Wash & Lube,(281) 391-8944,2320 S Mason Rd,(9),Automobile DetailingCar WashAuto Oil & Lube,http://www.cypressstationcarwash.net/
Daywash Car Wash,(281) 861-5331,5438 Fry Rd,(3),Automobile DetailingAuto Repair & ServiceCar Wash,https://daywashexpress.com/
SmartShine Car Wash & Detailing,(832) 427-1766,5438 Fry Rd,(3),Automobile DetailingCar Wash,http://smartshinecarwashdetailing.localsearch.com/
2920 Car Wash,(281) 350-2721,4619 Fm 2920 Rd,(4),Automobile DetailingCar WashAuto Oil & Lube,http://www.superior2920carwash.com/
Bubbles Car Wash,(281) 395-9274,1144 S Mason Rd,,Automobile DetailingCar Wash,http://bubblescarwashtx.localsearch.com/
Car Spa Car Wash Clearlake,(281) 557-4922,200 W Bay Area Blvd,(3),Automobile DetailingCar WashGas Stations,https://carspa.net/locations/clearlake-webster-car-wash
Kingsland Car Wash,(281) 693-9274,22022 Kingsland Blvd,(3),Automobile DetailingCar Wash,http://www.katymagazine.com/
Apple Car Wash & Lube Center,(281) 232-8888,22355 Bellaire Blvd,(3),Auto Body PartsNew Car DealersCar Wash,https://www.applecarwashusa.com/
"Rain Forest Car Wash, Lube, and Auto Care Center - Cypress, TX",(281) 550-8013,7110 Barker Cypress Rd,(2),Automobile DetailingCar WashAutomobile Parts & Supplies,https://rainforestwashandlube.com/
Sparkles Classic Hand Car Wash & Detail,(281) 665-1168,22191 Kingsland Blvd,(2),Automobile DetailingCar Wash,http://sparklesclassichandcarwashdetail.localsearch.com/
Cypress Pride Car Wash,(281) 256-7527,11302 Barker Cypress Rd,(1),Automobile DetailingCar WashAuto Repair & Service,https://www.cypresspride.com/
Rich's Car Wash - Richmond -1464,(281) 903-7763,7127 Fm 1464 Rd,,Automobile DetailingCar Wash,https://richscarwash.com/location/houston-1464-road
Mister Car Wash,(832) 678-3104,7715 Louetta Rd,,Automobile DetailingCar Washing & Polishing Equipment & SuppliesCar Wash,https://mistercarwash.com/store/louetta
Flying Flamingo Car Wash & Oil Change,(281) 320-1091,6880 Louetta Rd,,Auto Oil & LubeAutomobile Inspection Stations & ServicesCar Wash,https://flyingflamingocarwash.com/contact-us
JJ's Car Wash,(281) 724-9212,121 Maple Leaf St,,Automobile DetailingCar WashNew Car Dealers,http://www.jjscarwash.com/
Smooth Moves Car Washing & Detailing,(346) 257-1318,Park Willow Dr,,Automobile Detailing,https://www.smoothmovescarwashing.com/
WhiteWater Express Car Wash,(832) 482-9446,14024 Telge Rd,,Automobile DetailingCar Wash,https://whitewatercw.com/locations/telge
Quick Quack Car Wash,(888) 772-2792,6242 Fm 2920 Rd,,Automobile DetailingCar Wash,https://www.quickquack.com/locations/tx/spring/77379-spring-klein-crossing
